{"0":[0.40824824571609497,0.40824824571609497,0.40824824571609497,0.40824824571609497,0.40824824571609497,0.40824824571609497],"1":[0.40824827551841736,0.40824827551841736,0.40824827551841736,0.40824827551841736,0.40824827551841736,0.40824827551841736]}