{"0":[9.662852562541957e-8,0.08398301154375076,8.356023073474717e-8,0.9927472472190857,8.990680839815468e-7,9.747489002620568e-7,0.0000097909296528087,0.08559378981590271,5.611680564676647e-10,8.294525066787628e-9,9.944282055585063e-7,9.662852562541957e-8,8.781895388665362e-8,0.0000010030763633039896,0.008835961110889912,0.0000097909296528087,0.0000962364865699783,1.0244776404988443e-7,5.7654254634331714e-12,2.3061702287413555e-12,3.0748934214813728e-12,3.0748934214813728e-12,2.3061702287413555e-12,3.0748934214813728e-12,5.7654254634331714e-12,2.3061702287413555e-12,2.3061702287413555e-12,2.3061702287413555e-12,2.3061702287413555e-12,2.3061702287413555e-12],"1":[9.270225973523338e-7,0.000001005195713332796,9.29973609231638e-8,0.00008791133586782962,0.009202390909194946,9.806297640579942e-8,0.000009807265996641945,0.9999590516090393,5.887439841201214e-11,8.702120135595237e-10,1.0169948216898206e-9,0.000001005195713332796,9.774763221059857e-10,1.0748207657229614e-8,8.823901609389395e-9,1.0169948216898206e-9,0.00008791133586782962,9.270225973523338e-7,2.4194960813496424e-13,6.048740067848835e-13,2.4194960813496424e-13,3.2259945040823135e-13,2.4194960813496424e-13,2.4194960813496424e-13,2.4194960813496424e-13,5.645490585431956e-13,2.4194960813496424e-13,2.4194960813496424e-13,2.4194960813496424e-13,2.4194960813496424e-13],"2":[0.9939061403274536,0.010878591798245907,0.0009668289567343891,0.000009399438567925245,0.009939059615135193,0.00009262839012080804,9.667309086580644e-7,0.0009337052470073104,6.235100213913825e-10,9.215990637301275e-9,1.0770494718315149e-8,0.1087859496474266,0.0009839133126661181,0.000009227828741131816,0.000001089562374545494,9.745546591943821e-9,9.95053639485377e-9,0.009939059615135193,2.5623700210253286e-12,2.5623700210253286e-12,6.405924402042018e-12,2.5623700210253286e-12,2.5623700210253286e-12,2.5623700210253286e-12,2.5623700210253286e-12,2.5623700210253286e-12,6.405924402042018e-12,2.5623700210253286e-12,2.5623700210253286e-12,2.5623700210253286e-12],"3":[0.09413568675518036,0.00009413567750016227,0.9910483360290527,0.0009909803047776222,9.682671731070513e-8,0.0010303021408617496,0.0000010189465911025763,9.63356825423034e-8,8.529537964818701e-9,9.215134433304684e-9,0.000010544217730057426,0.09413568675518036,9.087954278008681e-10,0.009909802116453648,9.784719168237643e-7,1.0208155432067656e-9,6.148476866529862e-11,9.682671731070513e-8,2.526771381104048e-13,2.526771381104048e-13,2.526771381104048e-13,6.316928317234849e-13,2.526771381104048e-13,2.526771381104048e-13,2.526771381104048e-13,2.526771381104048e-13,2.526771381104048e-13,6.316928317234849e-13,2.526771381104048e-13,2.526771381104048e-13],"4":[0.000006559644589287927,6.86984492404008e-7,0.007351098116487265,0.7070541381835938,0.00007685652963118628,0.00657055014744401,0.0006870551151223481,0.000006981295427976875,4.386873919681733e-10,6.48416031978627e-9,7.773841161906603e-7,0.000006559644589287927,8.008749574628382e-8,6.57490275557393e-8,0.00007685652963118628,0.7070541381835938,6.86984492404008e-7,0.007351098116487265,1.80282503335627e-12,1.80282503335627e-12,1.80282503335627e-12,1.80282503335627e-12,4.5070622581300235e-12,1.80282503335627e-12,1.80282503335627e-12,1.80282503335627e-12,1.80282503335627e-12,1.80282503335627e-12,4.5070622581300235e-12,1.80282503335627e-12],"5":[0.9998705387115479,0.009998704306781292,0.0008915978251025081,0.008915983140468597,0.0008541678544133902,0.0008517169044353068,8.957256909525313e-7,0.0009730833116918802,5.703965078041051e-10,8.430928843949914e-9,9.853013516192277e-9,0.0008915978251025081,5.703965078041051e-10,8.430928843949914e-9,0.008639668114483356,8.438743037686436e-9,0.0008517169044353068,8.957256909525313e-7,2.344095403894464e-12,2.344095403894464e-12,2.344095403894464e-12,2.344095403894464e-12,2.344095403894464e-12,5.860238076055291e-12,2.344095403894464e-12,2.344095403894464e-12,2.344095403894464e-12,2.344095403894464e-12,2.344095403894464e-12,5.860238076055291e-12]}