{
    "0": [
        0.07001399993896484,
        0.7001399993896484,
        0.07001399993896484,
        0.07001399993896484,
        0.07001399993896484,
        0.7001399993896484
    ],
    "1": [
        0.40824827551841736,
        0.40824827551841736,
        0.40824827551841736,
        0.40824827551841736,
        0.40824827551841736,
        0.40824827551841736
    ],
    "2": [
        0.4999999403953552,
        0,
        0.4999999403953552,
        0.4999999403953552,
        0.4999999403953552,
        0
    ]
}